{"waterlevel":{"0":15.2,"1":15.3,"2":15.4,"3":15.5,"4":15.6,"5":15.7,"6":15.8,"7":15.9,"8":16.0,"9":16.1,"10":16.2,"11":16.3,"12":16.4,"13":16.5,"14":16.6,"15":16.7,"16":16.8,"17":16.9,"18":17.0,"19":17.1,"20":17.2,"21":17.3,"22":17.4,"23":17.5,"24":17.6,"25":17.7,"26":17.8,"27":17.9,"28":18.0,"29":18.1,"30":18.2,"31":18.3},"frequency":{"0":0.1131702,"1":0.1005654,"2":0.087884739,"3":0.077289566,"4":0.067216396,"5":0.057845965,"6":0.049733866,"7":0.041748479,"8":0.034775663,"9":0.029016647,"10":0.024304695,"11":0.020148421,"12":0.016645148,"13":0.013650425,"14":0.011218123,"15":0.0089963209,"16":0.0069746193,"17":0.0052340645,"18":0.0037789331,"19":0.0026245182,"20":0.0017343683,"21":0.0011132543,"22":0.0006947806,"23":0.0004174035,"24":0.0002461196,"25":0.0001416968,"26":0.0000820267,"27":0.0000465223,"28":0.0000281031,"29":0.0000176735,"30":0.0000109811,"31":0.0000068735}}